,Model,Fold,Prototypes,Dataset,test_RSq,test_Err10,test_SEP
0,RBFNetwork,0,5,WineQuality,0.7762971306754367,0.9593750238418579,0.033725911539375195
1,RLVQ,0,5,WineQuality,0.5133487440388166,0.715624988079071,3.5536261261040947
2,RegNG,0,5,WineQuality,0.7077633478866234,0.9281250238418579,0.03553269725323861
3,RegSeNG,0,5,WineQuality,0.7094371031008555,0.9468749761581421,0.036945399899485795
4,NGTSP,0,5,WineQuality,0.5698577849911439,0.824999988079071,0.056103073141100225
5,RNGTSP,0,5,WineQuality,0.7516468281588041,0.9437500238418579,0.03165559722253305
6,RBFNetwork,1,5,WineQuality,0.7225586521888181,0.9437500238418579,0.03593267323976403
7,RLVQ,1,5,WineQuality,0.48299269655439864,0.737500011920929,2.547826221778305
8,RegNG,1,5,WineQuality,0.6839280163551077,0.9281250238418579,0.03406367471208013
9,RegSeNG,1,5,WineQuality,0.6363838598395496,0.918749988079071,0.040459339487707364
10,NGTSP,1,5,WineQuality,0.4384385761331046,0.828125,0.06188046986079071
11,RNGTSP,1,5,WineQuality,0.7092518401751445,0.953125,0.03620965665833992
12,RBFNetwork,2,5,WineQuality,0.706096511436406,0.9312499761581421,0.037144395787441026
13,RLVQ,2,5,WineQuality,0.41268149332975296,0.75,2.5971233513265606
14,RegNG,2,5,WineQuality,0.6840316698134437,0.9281250238418579,0.03805012601511924
15,RegSeNG,2,5,WineQuality,0.693877441074459,0.9375,0.03860976439662405
16,NGTSP,2,5,WineQuality,0.441586902122738,0.846875011920929,0.06322801567948648
17,RNGTSP,2,5,WineQuality,0.6953007786790962,0.934374988079071,0.03904503274066114
18,RBFNetwork,3,5,WineQuality,0.6701160983711006,0.9312499761581421,0.03768349336819283
19,RLVQ,3,5,WineQuality,0.3808889151973636,0.75,2.8844278997779185
20,RegNG,3,5,WineQuality,0.6098904045919096,0.9281250238418579,0.03956454938414186
21,RegSeNG,3,5,WineQuality,0.6096599471059942,0.9156249761581421,0.03933958172689494
22,NGTSP,3,5,WineQuality,0.409508539551047,0.8374999761581421,0.06511240852628764
23,RNGTSP,3,5,WineQuality,0.5677069788716328,0.9125000238418579,0.04428431195920333
24,RBFNetwork,4,5,WineQuality,0.7248036893616261,0.9059560894966125,0.043523974839675295
25,RLVQ,4,5,WineQuality,0.34464292018529546,0.7210031151771545,4.681425002503647
26,RegNG,4,5,WineQuality,0.6826687716281435,0.9028213024139404,0.0382928523933545
27,RegSeNG,4,5,WineQuality,0.7025393553335341,0.9090909361839294,0.038580014629628644
28,NGTSP,4,5,WineQuality,0.4539408532711612,0.7931034564971924,0.06766741301418239
29,RNGTSP,4,5,WineQuality,0.7238326631608292,0.92476487159729,0.03701378303935959
30,RBFNetwork,0,10,WineQuality,0.7980387297135819,0.965624988079071,0.030854118884624658
31,RLVQ,0,10,WineQuality,0.509432116783419,0.6937500238418579,4.092366100251352
32,RegNG,0,10,WineQuality,0.7137965946441206,0.9437500238418579,0.033321977367463666
33,RegSeNG,0,10,WineQuality,0.6892204059912158,0.9437500238418579,0.03918017770294544
34,NGTSP,0,10,WineQuality,0.6196937501013255,0.8531249761581421,0.049628386551786856
35,RNGTSP,0,10,WineQuality,0.7639198289580106,0.953125,0.029829693905788417
36,RBFNetwork,1,10,WineQuality,0.7433234373668998,0.953125,0.03393180195041295
37,RLVQ,1,10,WineQuality,0.5494054305750097,0.715624988079071,2.763386925907426
38,RegNG,1,10,WineQuality,0.7012033238661116,0.949999988079071,0.036433061737766684
39,RegSeNG,1,10,WineQuality,0.6948915391795049,0.9375,0.03732460721866736
40,NGTSP,1,10,WineQuality,0.47828805391991763,0.8374999761581421,0.051609624981235024
41,RNGTSP,1,10,WineQuality,0.7118353614024786,0.9375,0.033301418800584924
42,RBFNetwork,2,10,WineQuality,0.7530851124344267,0.956250011920929,0.03544180103196058
43,RLVQ,2,10,WineQuality,0.44720053462498405,0.7718750238418579,3.8092257564955636
44,RegNG,2,10,WineQuality,0.704191716296816,0.9375,0.0412014204765561
45,RegSeNG,2,10,WineQuality,0.6678219355801068,0.925000011920929,0.03918638991196764
46,NGTSP,2,10,WineQuality,0.46171165978380635,0.840624988079071,0.06515339278713662
47,RNGTSP,2,10,WineQuality,0.7461005911391758,0.9375,0.0340305816326513
48,RBFNetwork,3,10,WineQuality,0.6700471698170823,0.9375,0.0369439632340578
49,RLVQ,3,10,WineQuality,0.4272587865885125,0.737500011920929,4.280392503561025
50,RegNG,3,10,WineQuality,0.630420572796529,0.934374988079071,0.04030754902861062
51,RegSeNG,3,10,WineQuality,0.6241824984353829,0.934374988079071,0.04303600551787691
52,NGTSP,3,10,WineQuality,0.477103642789719,0.856249988079071,0.06328805488703032
53,RNGTSP,3,10,WineQuality,0.6557482163112369,0.921875,0.03710154330144075
54,RBFNetwork,4,10,WineQuality,0.7547379289560023,0.9373040795326233,0.032909171433326743
55,RLVQ,4,10,WineQuality,0.3782170279388733,0.7115987539291382,3.7998663857273587
56,RegNG,4,10,WineQuality,0.6703776887048565,0.9153605103492737,0.03751367644407871
57,RegSeNG,4,10,WineQuality,0.690325295746633,0.9122257232666016,0.04162683807979402
58,NGTSP,4,10,WineQuality,0.485825727176298,0.7931034564971924,0.07626183211064269
59,RNGTSP,4,10,WineQuality,0.7344993558495028,0.9341692924499512,0.035031307378811265
60,RBFNetwork,0,15,WineQuality,0.8004782381501,0.96875,0.0286917126869168
61,RLVQ,0,15,WineQuality,0.5621250512453931,0.703125,3.7398801611936596
62,RegNG,0,15,WineQuality,0.734407881995607,0.9437500238418579,0.034442776279229155
63,RegSeNG,0,15,WineQuality,0.7211952669565417,0.9437500238418579,0.03671896449730448
64,NGTSP,0,15,WineQuality,0.5906813623701771,0.846875011920929,0.05260345053504195
65,RNGTSP,0,15,WineQuality,0.7602472641785596,0.9437500238418579,0.03214303272421155
66,RBFNetwork,1,15,WineQuality,0.7537592706900239,0.956250011920929,0.03422873346279604
67,RLVQ,1,15,WineQuality,0.3847595906022728,0.7250000238418579,5.386889298913678
68,RegNG,1,15,WineQuality,0.7048482879745396,0.9281250238418579,0.036155721492992426
69,RegSeNG,1,15,WineQuality,0.6842835658616868,0.940625011920929,0.03589750196574979
70,NGTSP,1,15,WineQuality,0.5500587036906994,0.875,0.04592276438730779
71,RNGTSP,1,15,WineQuality,0.6926118958601415,0.9375,0.03331869915103755
72,RBFNetwork,2,15,WineQuality,0.7369531672615373,0.9437500238418579,0.037364665289577687
73,RLVQ,2,15,WineQuality,0.43070344343788064,0.765625,2.7043177368244806
74,RegNG,2,15,WineQuality,0.6927446727382665,0.9312499761581421,0.03925745908487579
75,RegSeNG,2,15,WineQuality,0.6970716636277682,0.934374988079071,0.03987826999161582
76,NGTSP,2,15,WineQuality,0.5158759935676803,0.871874988079071,0.06546238997560865
77,RNGTSP,2,15,WineQuality,0.6814749181536748,0.9125000238418579,0.0358590519424779
78,RBFNetwork,3,15,WineQuality,0.6575282939591909,0.940625011920929,0.03558758358828405
79,RLVQ,3,15,WineQuality,0.46019037097622995,0.762499988079071,2.606214035322043
80,RegNG,3,15,WineQuality,0.6300569905686628,0.921875,0.042381619316526585
81,RegSeNG,3,15,WineQuality,0.6077147397352226,0.909375011920929,0.044452488778460586
82,NGTSP,3,15,WineQuality,0.5190172781694582,0.8656250238418579,0.05329952997266733
83,RNGTSP,3,15,WineQuality,0.6594084172614345,0.918749988079071,0.03752338696363543
84,RBFNetwork,4,15,WineQuality,0.7574519511359694,0.9498432874679565,0.030007844902469098
85,RLVQ,4,15,WineQuality,0.36402658823350603,0.7272727489471436,4.032679362280119
86,RegNG,4,15,WineQuality,0.6820516869694697,0.92476487159729,0.038077965533883686
87,RegSeNG,4,15,WineQuality,0.6742201037717074,0.9153605103492737,0.04175944152423164
88,NGTSP,4,15,WineQuality,0.6123427626168582,0.8808777332305908,0.05236835467747446
89,RNGTSP,4,15,WineQuality,0.7398246367686485,0.9341692924499512,0.035100646359423615
90,RBFNetwork,0,5,BreastCancer,0.9490902586166456,0.949999988079071,0.037298005978853875
91,RLVQ,0,5,BreastCancer,0.9165803179255712,0.375,0.6256008303745964
92,RegNG,0,5,BreastCancer,0.9283439029629916,0.949999988079071,0.03881037799511223
93,RegSeNG,0,5,BreastCancer,0.9656950420227599,0.9750000238418579,0.02986012464621831
94,NGTSP,0,5,BreastCancer,0.8107101612328039,0.800000011920929,0.07527295751662957
95,RNGTSP,0,5,BreastCancer,0.9445110278260131,0.8999999761581421,0.034002619084785836
96,RBFNetwork,1,5,BreastCancer,0.9876817956794195,1.0,0.018246512023741283
97,RLVQ,1,5,BreastCancer,0.9124136936637587,0.44999998807907104,0.5940667340712289
98,RegNG,1,5,BreastCancer,0.9162190821852173,0.8999999761581421,0.04330881648497128
99,RegSeNG,1,5,BreastCancer,0.9264086317994771,0.9750000238418579,0.04158875778679253
100,NGTSP,1,5,BreastCancer,0.8441476303043622,0.8500000238418579,0.06504073571677854
101,RNGTSP,1,5,BreastCancer,0.8216488644454909,0.800000011920929,0.06701363417959948
102,RBFNetwork,2,5,BreastCancer,0.9606440285700071,0.9487179517745972,0.040070218723268713
103,RLVQ,2,5,BreastCancer,0.9046686283047649,0.28205129504203796,0.6571735137817005
104,RegNG,2,5,BreastCancer,0.9558160559139584,0.8974359035491943,0.03807155938052028
105,RegSeNG,2,5,BreastCancer,0.8162848657129351,0.8205128312110901,0.0794098298288625
106,NGTSP,2,5,BreastCancer,0.8712605341215641,0.7948718070983887,0.07500564301541278
107,RNGTSP,2,5,BreastCancer,0.7422451581109915,0.8717948794364929,0.08282565026287754
108,RBFNetwork,3,5,BreastCancer,0.9602779313492136,0.9743589758872986,0.0350588430415872
109,RLVQ,3,5,BreastCancer,0.867900674532198,0.41025641560554504,1.1118220954176241
110,RegNG,3,5,BreastCancer,0.9069625741915487,0.9230769276618958,0.050875519940760165
111,RegSeNG,3,5,BreastCancer,0.8837971168027928,0.8974359035491943,0.04451268569273615
112,NGTSP,3,5,BreastCancer,0.9037316085758101,0.8461538553237915,0.06846581218057707
113,RNGTSP,3,5,BreastCancer,0.8046543502827901,0.7948718070983887,0.07264999390134745
114,RBFNetwork,4,5,BreastCancer,0.9799995334138061,0.9743589758872986,0.025541113663090063
115,RLVQ,4,5,BreastCancer,0.9173438874045049,0.25641027092933655,0.6873347403717814
116,RegNG,4,5,BreastCancer,0.971913210345912,1.0,0.02672167312584269
117,RegSeNG,4,5,BreastCancer,0.917117366554788,0.9487179517745972,0.05306512988871401
118,NGTSP,4,5,BreastCancer,0.8928717622832019,0.8974359035491943,0.05543904379456819
119,RNGTSP,4,5,BreastCancer,0.7794346079228422,0.7179487347602844,0.07124016066799982
120,RBFNetwork,0,10,BreastCancer,0.9880726346616248,1.0,0.01890013158955727
121,RLVQ,0,10,BreastCancer,0.9248852161498778,0.4000000059604645,0.5680832882099263
122,RegNG,0,10,BreastCancer,0.970475796978626,1.0,0.030228272139056496
123,RegSeNG,0,10,BreastCancer,0.9266122364005389,0.949999988079071,0.04303614138507688
124,NGTSP,0,10,BreastCancer,0.8859474199952608,0.8999999761581421,0.05271789017178187
125,RNGTSP,0,10,BreastCancer,0.8414179245785137,0.800000011920929,0.062402114324146704
126,RBFNetwork,1,10,BreastCancer,0.9754940145033407,1.0,0.025845090294837763
127,RLVQ,1,10,BreastCancer,0.9019886971089267,0.42500001192092896,0.6073468255599742
128,RegNG,1,10,BreastCancer,0.9341450326572532,0.8999999761581421,0.03381787692249403
129,RegSeNG,1,10,BreastCancer,0.9386021867394175,0.925000011920929,0.04423650632121763
130,NGTSP,1,10,BreastCancer,0.7839320285120834,0.8500000238418579,0.07427186021548475
131,RNGTSP,1,10,BreastCancer,0.8207560175625158,0.875,0.06364763137197459
132,RBFNetwork,2,10,BreastCancer,0.9829648368732037,1.0,0.023888020241147598
133,RLVQ,2,10,BreastCancer,0.9148433952647415,0.28205129504203796,0.6922792139739765
134,RegNG,2,10,BreastCancer,0.6801093966677361,0.8461538553237915,0.07070484662341904
135,RegSeNG,2,10,BreastCancer,0.9597891920808527,0.9743589758872986,0.03277266434220198
136,NGTSP,2,10,BreastCancer,0.7747470458441035,0.7692307829856873,0.07253555765366525
137,RNGTSP,2,10,BreastCancer,0.87778898752881,0.8717948794364929,0.056824956469396996
138,RBFNetwork,3,10,BreastCancer,0.9384707889725076,0.9487179517745972,0.04319728148066539
139,RLVQ,3,10,BreastCancer,0.8415240383067123,0.3333333432674408,0.85789487670579
140,RegNG,3,10,BreastCancer,0.9227570390197636,0.9230769276618958,0.04965541000674338
141,RegSeNG,3,10,BreastCancer,0.9336833538617652,0.8974359035491943,0.04303174627106712
142,NGTSP,3,10,BreastCancer,0.8465232732724379,0.8205128312110901,0.05541658239509351
143,RNGTSP,3,10,BreastCancer,0.8552290710481467,0.8461538553237915,0.06704238878171849
144,RBFNetwork,4,10,BreastCancer,0.9793954825566655,1.0,0.023111710699181068
145,RLVQ,4,10,BreastCancer,0.9274242194454848,0.23076923191547394,0.5996347000156765
146,RegNG,4,10,BreastCancer,0.9588716053522653,0.9487179517745972,0.03911888896299084
147,RegSeNG,4,10,BreastCancer,0.9608890792621748,1.0,0.03406312850866983
148,NGTSP,4,10,BreastCancer,0.8933944125746698,0.9230769276618958,0.05440504160588904
149,RNGTSP,4,10,BreastCancer,0.8633634712936326,0.8461538553237915,0.05486938665324216
150,RBFNetwork,0,15,BreastCancer,0.9873549836639329,1.0,0.018469608559440145
151,RLVQ,0,15,BreastCancer,0.9092666438521675,0.3499999940395355,0.7394901226378491
152,RegNG,0,15,BreastCancer,0.9241733461839214,0.9750000238418579,0.03899101104175269
153,RegSeNG,0,15,BreastCancer,0.9199528065633634,0.949999988079071,0.037054581454197426
154,NGTSP,0,15,BreastCancer,0.8355252925386502,0.7749999761581421,0.04996029129374916
155,RNGTSP,0,15,BreastCancer,0.6736002043456863,0.625,0.07993384798882598
156,RBFNetwork,1,15,BreastCancer,0.9824019544373531,1.0,0.02129905738306034
157,RLVQ,1,15,BreastCancer,0.9070194062822605,0.44999998807907104,0.6093401821621489
158,RegNG,1,15,BreastCancer,0.9445896272436624,0.9750000238418579,0.03582729559951066
159,RegSeNG,1,15,BreastCancer,0.9445402462142274,0.925000011920929,0.04145396014712119
160,NGTSP,1,15,BreastCancer,0.8550393715664363,0.8500000238418579,0.058050225788479536
161,RNGTSP,1,15,BreastCancer,0.7502314988587427,0.75,0.0817154091552881
162,RBFNetwork,2,15,BreastCancer,0.9901990155611986,1.0,0.016974854605380948
163,RLVQ,2,15,BreastCancer,0.9246370386590604,0.3589743673801422,0.5424708145520946
164,RegNG,2,15,BreastCancer,0.9835227772953389,0.9743589758872986,0.020157710098269402
165,RegSeNG,2,15,BreastCancer,0.5742116996767375,0.9487179517745972,0.10489451835692847
166,NGTSP,2,15,BreastCancer,0.8843501551118081,0.9230769276618958,0.058365445967965376
167,RNGTSP,2,15,BreastCancer,0.7561157803057709,0.6666666865348816,0.07187753756140772
168,RBFNetwork,3,15,BreastCancer,0.972817901658106,0.9487179517745972,0.028455810524945075
169,RLVQ,3,15,BreastCancer,0.8527555612094923,0.3333333432674408,0.8564462603068888
170,RegNG,3,15,BreastCancer,0.9245872340186579,0.9487179517745972,0.0415602062618349
171,RegSeNG,3,15,BreastCancer,0.9584636868021726,0.9743589758872986,0.0328173721404497
172,NGTSP,3,15,BreastCancer,0.36281355036227536,0.7179487347602844,0.14260529459434396
173,RNGTSP,3,15,BreastCancer,0.37765837178777467,0.8205128312110901,0.12125878606547659
174,RBFNetwork,4,15,BreastCancer,0.9857157309600509,1.0,0.019257872877609324
175,RLVQ,4,15,BreastCancer,0.9287793253225499,0.25641027092933655,0.58994672428277
176,RegNG,4,15,BreastCancer,0.9817832242038274,1.0,0.020610719915271785
177,RegSeNG,4,15,BreastCancer,0.958022190068309,0.9487179517745972,0.027627524343934094
178,NGTSP,4,15,BreastCancer,0.8188407815246798,0.692307710647583,0.0656863308093841
179,RNGTSP,4,15,BreastCancer,0.8165051903807626,0.8205128312110901,0.06969628514627448
180,RBFNetwork,0,5,Diabetes,0.41933456858526796,0.12359550595283508,0.127148961043006
181,RLVQ,0,5,Diabetes,0.3066885295155321,0.16853933036327362,1.4552597861814034
182,RegNG,0,5,Diabetes,0.4463472299540046,0.12359550595283508,0.11269315159696346
183,RegSeNG,0,5,Diabetes,0.41015562154780505,0.11235955357551575,0.12830873850465851
184,NGTSP,0,5,Diabetes,0.2898772101522092,0.17977528274059296,0.14327905612546044
185,RNGTSP,0,5,Diabetes,0.4333504947194904,0.14606741070747375,0.11715620865467807
186,RBFNetwork,1,5,Diabetes,0.4969650629582039,0.16853933036327362,0.10185528299221888
187,RLVQ,1,5,Diabetes,0.443195922734723,0.08988764137029648,1.7752677964011647
188,RegNG,1,5,Diabetes,0.49948065945407555,0.2584269642829895,0.0970229062782864
189,RegSeNG,1,5,Diabetes,0.48490422824992574,0.20224718749523163,0.10229196664742915
190,NGTSP,1,5,Diabetes,0.38781048446962507,0.16853933036327362,0.13978203563004388
191,RNGTSP,1,5,Diabetes,0.49066925719784743,0.1910112351179123,0.10045667766783568
192,RBFNetwork,2,5,Diabetes,0.5562647024582895,0.27272728085517883,0.09334257090945092
193,RLVQ,2,5,Diabetes,0.4547294242716146,0.11363636702299118,1.8242165173214262
194,RegNG,2,5,Diabetes,0.5727661548913471,0.23863635957241058,0.11026979499809828
195,RegSeNG,2,5,Diabetes,0.5670253176484138,0.1931818127632141,0.10560577812421905
196,NGTSP,2,5,Diabetes,0.4925752601575529,0.1931818127632141,0.11803308700185541
197,RNGTSP,2,5,Diabetes,0.5322514886051437,0.14772726595401764,0.10123942494726507
198,RBFNetwork,3,5,Diabetes,0.521706824987187,0.25,0.09846474812974097
199,RLVQ,3,5,Diabetes,0.41472475765107614,0.11363636702299118,2.5531075125388587
200,RegNG,3,5,Diabetes,0.4957401922844879,0.23863635957241058,0.09689541942156256
201,RegSeNG,3,5,Diabetes,0.500686604808406,0.15909090638160706,0.10278567395162486
202,NGTSP,3,5,Diabetes,0.4714626993531852,0.125,0.12796632084205029
203,RNGTSP,3,5,Diabetes,0.5151503969403961,0.20454545319080353,0.09820711881182541
204,RBFNetwork,4,5,Diabetes,0.5485706604755027,0.20454545319080353,0.08732053155409313
205,RLVQ,4,5,Diabetes,0.49986684680007004,0.14772726595401764,2.2473931877365847
206,RegNG,4,5,Diabetes,0.5488214605510483,0.1818181872367859,0.09706431301835386
207,RegSeNG,4,5,Diabetes,0.5403698701816175,0.1818181872367859,0.09881692908770412
208,NGTSP,4,5,Diabetes,0.4118951275808518,0.1818181872367859,0.1364886165813829
209,RNGTSP,4,5,Diabetes,0.5682738398551401,0.25,0.08728979658701715
210,RBFNetwork,0,10,Diabetes,0.4155227478112668,0.15730337798595428,0.1203044556997648
211,RLVQ,0,10,Diabetes,0.30680119987609683,0.17977528274059296,1.5822876433121613
212,RegNG,0,10,Diabetes,0.4329451211330044,0.16853933036327362,0.12365069516444116
213,RegSeNG,0,10,Diabetes,0.41572265783883744,0.12359550595283508,0.11262939671677254
214,NGTSP,0,10,Diabetes,0.3735354109519429,0.17977528274059296,0.13381938416293984
215,RNGTSP,0,10,Diabetes,0.373536115106103,0.11235955357551575,0.1314088401249223
216,RBFNetwork,1,10,Diabetes,0.4919772512794557,0.16853933036327362,0.09945354847751238
217,RLVQ,1,10,Diabetes,0.43364692792347026,0.11235955357551575,2.1455944751636387
218,RegNG,1,10,Diabetes,0.4824770341613771,0.16853933036327362,0.10031910121161632
219,RegSeNG,1,10,Diabetes,0.48693269951555657,0.16853933036327362,0.10965255234989713
220,NGTSP,1,10,Diabetes,0.4693457867608247,0.21348313987255096,0.10897371442354452
221,RNGTSP,1,10,Diabetes,0.4609581523648142,0.20224718749523163,0.09930870317711311
222,RBFNetwork,2,10,Diabetes,0.5440058925553548,0.23863635957241058,0.09208771167945064
223,RLVQ,2,10,Diabetes,0.4309285394763608,0.09090909361839294,2.430253393230653
224,RegNG,2,10,Diabetes,0.5705065045362039,0.17045454680919647,0.09761303832532181
225,RegSeNG,2,10,Diabetes,0.5686872026938008,0.1931818127632141,0.10838986850616622
226,NGTSP,2,10,Diabetes,0.5184551633571461,0.21590909361839294,0.11305609716088337
227,RNGTSP,2,10,Diabetes,0.5172008572080492,0.15909090638160706,0.10219457154810069
228,RBFNetwork,3,10,Diabetes,0.5169162503973052,0.20454545319080353,0.09773169176892484
229,RLVQ,3,10,Diabetes,0.47435817167759214,0.11363636702299118,1.6899645600899584
230,RegNG,3,10,Diabetes,0.44337066170586237,0.1931818127632141,0.11757189033934425
231,RegSeNG,3,10,Diabetes,0.4809533203290673,0.21590909361839294,0.10854334798598857
232,NGTSP,3,10,Diabetes,0.5343656354783911,0.22727273404598236,0.11353752650904098
233,RNGTSP,3,10,Diabetes,0.500884792795703,0.23863635957241058,0.09215345457237395
234,RBFNetwork,4,10,Diabetes,0.560891401021796,0.21590909361839294,0.08968494604888895
235,RLVQ,4,10,Diabetes,0.5145900103381295,0.13636364042758942,1.3683852957050966
236,RegNG,4,10,Diabetes,0.5422661700361673,0.1931818127632141,0.09171628771282908
237,RegSeNG,4,10,Diabetes,0.5478356379422678,0.22727273404598236,0.09596237099341255
238,NGTSP,4,10,Diabetes,0.5543358846036186,0.22727273404598236,0.09431732906245248
239,RNGTSP,4,10,Diabetes,0.5309230897611147,0.25,0.09250331063626577
240,RBFNetwork,0,15,Diabetes,0.4279230356293088,0.17977528274059296,0.1217675082419675
241,RLVQ,0,15,Diabetes,0.30259189744024734,0.16853933036327362,1.847432975264542
242,RegNG,0,15,Diabetes,0.41508722373677864,0.16853933036327362,0.12304152423348397
243,RegSeNG,0,15,Diabetes,0.41813759724573424,0.13483145833015442,0.12329500252327923
244,NGTSP,0,15,Diabetes,0.36532708023408045,0.13483145833015442,0.12831710882893288
245,RNGTSP,0,15,Diabetes,0.4051233243225992,0.16853933036327362,0.11588199396037047
246,RBFNetwork,1,15,Diabetes,0.49781213973796645,0.17977528274059296,0.10168948521613912
247,RLVQ,1,15,Diabetes,0.44358299022065606,0.08988764137029648,1.9382876025833817
248,RegNG,1,15,Diabetes,0.4828940254868851,0.23595505952835083,0.09577264160873414
249,RegSeNG,1,15,Diabetes,0.4838545035884984,0.20224718749523163,0.11245499140272143
250,NGTSP,1,15,Diabetes,0.44445890120944614,0.24719101190567017,0.10689231093519341
251,RNGTSP,1,15,Diabetes,0.44488290257192836,0.26966291666030884,0.1063511960367388
252,RBFNetwork,2,15,Diabetes,0.5610214991293211,0.1931818127632141,0.09331822531877573
253,RLVQ,2,15,Diabetes,0.4167581682664041,0.09090909361839294,1.6365436897563372
254,RegNG,2,15,Diabetes,0.564729991831557,0.22727273404598236,0.09760721449999572
255,RegSeNG,2,15,Diabetes,0.5697257200007877,0.1931818127632141,0.10793494756046561
256,NGTSP,2,15,Diabetes,0.4898319680252082,0.23863635957241058,0.10846653219752764
257,RNGTSP,2,15,Diabetes,0.5466005274763784,0.22727273404598236,0.09345408922590705
258,RBFNetwork,3,15,Diabetes,0.4832793399883984,0.27272728085517883,0.097722650222712
259,RLVQ,3,15,Diabetes,0.4824738127780605,0.10227272659540176,1.893032847214738
260,RegNG,3,15,Diabetes,0.48465286110113015,0.22727273404598236,0.10471795378672316
261,RegSeNG,3,15,Diabetes,0.5170322995057082,0.22727273404598236,0.10402014948963972
262,NGTSP,3,15,Diabetes,0.45201664345776743,0.23863635957241058,0.1124959622275369
263,RNGTSP,3,15,Diabetes,0.44740774561104596,0.23863635957241058,0.10321557415555165
264,RBFNetwork,4,15,Diabetes,0.5609600300544799,0.22727273404598236,0.09129508807815988
265,RLVQ,4,15,Diabetes,0.5160137674585679,0.14772726595401764,1.6735308096363248
266,RegNG,4,15,Diabetes,0.5627443072619909,0.21590909361839294,0.09259795498106665
267,RegSeNG,4,15,Diabetes,0.5494002337811869,0.1818181872367859,0.09759602569422904
268,NGTSP,4,15,Diabetes,0.5354840039089136,0.20454545319080353,0.0939113901814951
269,RNGTSP,4,15,Diabetes,0.5340032663935683,0.22727273404598236,0.09501808909312653
270,RBFNetwork,0,5,CalHousing,0.6320420628552895,0.2475775182247162,0.011869000616570797
271,RLVQ,0,5,CalHousing,0.48357329223046636,0.1509205400943756,0.9812841336602032
272,RegNG,0,5,CalHousing,0.6171752632408445,0.2395833283662796,0.012542237878184257
273,RegSeNG,0,5,CalHousing,0.6250660092781812,0.24685077369213104,0.012219000595956106
274,NGTSP,0,5,CalHousing,0.3255067456669013,0.16254845261573792,0.031818304150634705
275,RNGTSP,0,5,CalHousing,0.635069890415279,0.24273255467414856,0.011531512439231872
276,RBFNetwork,1,5,CalHousing,0.6379863923919992,0.25218021869659424,0.01193306118750157
277,RLVQ,1,5,CalHousing,0.5528702395463846,0.1484980583190918,0.8812336636409115
278,RegNG,1,5,CalHousing,0.0701601775362825,0.26211240887641907,0.006363287565780792
279,RegSeNG,1,5,CalHousing,0.07211952935020567,0.26114341616630554,0.006418250813677154
280,NGTSP,1,5,CalHousing,0.1514257654399579,0.14946705102920532,0.04423779526520528
281,RNGTSP,1,5,CalHousing,0.14388102323549704,0.25726744532585144,0.007967046199800687
282,RBFNetwork,2,5,CalHousing,0.6427806874982503,0.2538759708404541,0.012013355305380152
283,RLVQ,2,5,CalHousing,0.49779905698636573,0.14874030649662018,0.9597886058686739
284,RegNG,2,5,CalHousing,0.621769278393297,0.2315891534090042,0.012536591084413585
285,RegSeNG,2,5,CalHousing,0.6140255428716086,0.26138564944267273,0.012498938564017037
286,NGTSP,2,5,CalHousing,0.47604541138861345,0.17514534294605255,0.037018705952085604
287,RNGTSP,2,5,CalHousing,0.6161212338906353,0.24127906560897827,0.011736372036969934
288,RBFNetwork,3,5,CalHousing,0.622700315013663,0.26211240887641907,0.012128063677281213
289,RLVQ,3,5,CalHousing,0.48961848545155745,0.14389534294605255,1.0714875084728128
290,RegNG,3,5,CalHousing,0.20005844145690388,0.2550871968269348,0.010206477029649642
291,RegSeNG,3,5,CalHousing,0.04382141208245432,0.24903100728988647,0.004399607384042447
292,NGTSP,3,5,CalHousing,0.35104217550778416,0.17005814611911774,0.03455136240102763
293,RNGTSP,3,5,CalHousing,0.0739085186092165,0.23909883201122284,0.006527757500593979
294,RBFNetwork,4,5,CalHousing,0.652643159207612,0.2509689927101135,0.012893889688812986
295,RLVQ,4,5,CalHousing,0.5265347899940849,0.1509205400943756,0.8865252080859585
296,RegNG,4,5,CalHousing,0.43284022362683383,0.2562984526157379,0.011692587765536567
297,RegSeNG,4,5,CalHousing,0.5969719784377934,0.2516957223415375,0.011878583723437086
298,NGTSP,4,5,CalHousing,0.3404039123951824,0.15818798542022705,0.043139444591291806
299,RNGTSP,4,5,CalHousing,0.6283627480646519,0.2291666716337204,0.010870263933940222
300,RBFNetwork,0,10,CalHousing,0.6421013037746737,0.24830426275730133,0.012574325736804136
301,RLVQ,0,10,CalHousing,0.47880237266822473,0.14752906560897827,0.8563639278094621
302,RegNG,0,10,CalHousing,0.6248044446384567,0.2475775182247162,0.011104132477457455
303,RegSeNG,0,10,CalHousing,0.6223391617613186,0.24975775182247162,0.011188115596021241
304,NGTSP,0,10,CalHousing,0.5627696551420952,0.21414728462696075,0.015006118584305492
305,RNGTSP,0,10,CalHousing,0.6391653455288736,0.25072672963142395,0.010730209635513101
306,RBFNetwork,1,10,CalHousing,0.6273255567919688,0.2720445692539215,0.01163325576747689
307,RLVQ,1,10,CalHousing,0.5645995098727427,0.14777131378650665,0.904954480876115
308,RegNG,1,10,CalHousing,0.08155512103768424,0.26526162028312683,0.006398558187018879
309,RegSeNG,1,10,CalHousing,0.07974739958712984,0.2693798542022705,0.006368871825022123
310,NGTSP,1,10,CalHousing,0.603699181933897,0.23207364976406097,0.012031536033703064
311,RNGTSP,1,10,CalHousing,0.13702683809603652,0.2705910801887512,0.007868590746949755
312,RBFNetwork,2,10,CalHousing,0.6411462468687247,0.25460270047187805,0.011877752426487856
313,RLVQ,2,10,CalHousing,0.47958700900986145,0.16472868621349335,0.8272566284949819
314,RegNG,2,10,CalHousing,0.6141748368684579,0.23788759112358093,0.011798648786228352
315,RegSeNG,2,10,CalHousing,0.6171928562199778,0.2667151093482971,0.012334168631401477
316,NGTSP,2,10,CalHousing,0.5536583014807377,0.2202034890651703,0.014378854230471342
317,RNGTSP,2,10,CalHousing,0.6104933389371984,0.25750967860221863,0.011900675184158679
318,RBFNetwork,3,10,CalHousing,0.6473616943297424,0.26598837971687317,0.011979102846649584
319,RLVQ,3,10,CalHousing,0.48958806135986416,0.1484980583190918,1.0213492025590394
320,RegNG,3,10,CalHousing,0.04090491242478453,0.25872093439102173,0.0047054707855267225
321,RegSeNG,3,10,CalHousing,0.04464912349275964,0.24200581014156342,0.004399634853915516
322,NGTSP,3,10,CalHousing,0.528964953792658,0.22093023359775543,0.0161522479987766
323,RNGTSP,3,10,CalHousing,0.0877202905428062,0.26501938700675964,0.006648180904457671
324,RBFNetwork,4,10,CalHousing,0.6693665136482686,0.2732558250427246,0.012242088251117248
325,RLVQ,4,10,CalHousing,0.5294885094206777,0.15455426275730133,0.750062544858532
326,RegNG,4,10,CalHousing,0.4427765999201864,0.25460270047187805,0.0107939975822249
327,RegSeNG,4,10,CalHousing,0.4145681945340837,0.2761628031730652,0.01171685316624889
328,NGTSP,4,10,CalHousing,0.5958063163780432,0.24152131378650665,0.012626308236031052
329,RNGTSP,4,10,CalHousing,0.519918272102275,0.26114341616630554,0.010821293458197483
330,RBFNetwork,0,15,CalHousing,0.6446949485044061,0.26211240887641907,0.01131741647902346
331,RLVQ,0,15,CalHousing,0.5111722638704276,0.14486433565616608,0.8825150371004148
332,RegNG,0,15,CalHousing,0.6295659265133111,0.25581395626068115,0.01256006789425209
333,RegSeNG,0,15,CalHousing,0.6268786028765232,0.24975775182247162,0.01130729446020245
334,NGTSP,0,15,CalHousing,0.6032335304819898,0.24370154738426208,0.012509149072539534
335,RNGTSP,0,15,CalHousing,0.652334113598013,0.2516957223415375,0.01086966966756594
336,RBFNetwork,1,15,CalHousing,0.6220853592404687,0.2696220874786377,0.011557846565458496
337,RLVQ,1,15,CalHousing,0.5466820117727067,0.1470445692539215,1.0218260112500575
338,RegNG,1,15,CalHousing,0.09435940807508096,0.25339147448539734,0.0062309578781253455
339,RegSeNG,1,15,CalHousing,0.10728316899235293,0.24515503644943237,0.006904427155882202
340,NGTSP,1,15,CalHousing,0.6215183812904737,0.23498061299324036,0.012713688710863941
341,RNGTSP,1,15,CalHousing,0.16421424739262924,0.2671996057033539,0.00803690234940885
342,RBFNetwork,2,15,CalHousing,0.6500998140806332,0.25,0.011223853399413493
343,RLVQ,2,15,CalHousing,0.5298061171503571,0.13493217527866364,1.0561188728201674
344,RegNG,2,15,CalHousing,0.6117783172963913,0.25872093439102173,0.01254621816941961
345,RegSeNG,2,15,CalHousing,0.6060786106126161,0.25193798542022705,0.013172661783537955
346,NGTSP,2,15,CalHousing,0.5993563232879882,0.23812983930110931,0.013221769418282295
347,RNGTSP,2,15,CalHousing,0.6472021179297035,0.25314921140670776,0.011355843303068124
348,RBFNetwork,3,15,CalHousing,0.646948415408385,0.2722868323326111,0.012125837359173126
349,RLVQ,3,15,CalHousing,0.47694275368613137,0.15043604373931885,0.8371613812373204
350,RegNG,3,15,CalHousing,0.23939644610338087,0.2383720874786377,0.009919852128341004
351,RegSeNG,3,15,CalHousing,0.08953769725755904,0.2395833283662796,0.006401285092545398
352,NGTSP,3,15,CalHousing,0.5930833502297139,0.23473836481571198,0.01276296118002364
353,RNGTSP,3,15,CalHousing,0.15079448223454878,0.23812983930110931,0.008305593032696932
354,RBFNetwork,4,15,CalHousing,0.6677277159187396,0.260174423456192,0.01126624031407229
355,RLVQ,4,15,CalHousing,0.5524397591125465,0.14559108018875122,0.8724302180306699
356,RegNG,4,15,CalHousing,0.4036138656210816,0.27010658383369446,0.01224005503749811
357,RegSeNG,4,15,CalHousing,0.4141675675033463,0.23086240887641907,0.011832653820608746
358,NGTSP,4,15,CalHousing,0.6364688119076661,0.2487887591123581,0.012228757133491532
359,RNGTSP,4,15,CalHousing,0.5384506554775468,0.2705910801887512,0.01184722867875946
